capitaalone.com,bad
capitalonr.com,bad
youtubee.com,bad
vairt.com,bad
www.carrie-case.com,bad
https://www.cocbd.com/,bad
https://t-telecom-eg.com/,bad
thefragranceshop.com,bad
centrahealthcare.com,bad
teleskope.ai,bad
cbtmammoth.com,bad
www.wchplumbing.com,bad
Multicarepharma.com,bad
design603.bdcweb.org,bad
www.wchplumbing.com,bad
www.youtubee.com,bad
https://craigmore-poultry-and-livestock-farm.business.site/,bad
https://www.megavenomextraction.com,bad
https://www.undetectablecounterfeitanddoc.com,bad
https://www.goldeneycecannabisinaustralia.com,bad
https://www.libertyssdlaboratory.com,bad
https://www.biomarinchemical.com,bad
https://www.galaxylaboratorywash.com,bad
https://www.aussie420hooch.com,bad
https://www.vapestoreaus.com,bad
https://www.globalssdsolutions.com,bad
https://www.realqualitybanknotes.com,bad
https://www.ocenkingexportltd.com,bad
https://www.allahrukssdlab.co.za,bad
https://www.humpriaweeds.com,bad
https://www.aussiesnows.com,bad
http://www.medexchemicallab.com,bad
https://www.authenticurrency.com,bad
https://www.coscoexpertshipping.com,bad
https://www.ssdchemicalsolutionexpert.com,bad
https://www.dxcu-us.com,bad
https://www.classickittens.co.za,bad
https://www.qrtexpress.com,bad
https://www.prodigyfundinggroup.com,bad
http://www.popularbanknotes.com,bad
https://game-consoles.business.site,bad
https://macaw-p.business.site,bad
https://gundeals.shop,bad
https://www.usablebanknotes.com,bad
https://www.ctmlivestock.com,bad
https://www.talottipoultryfarm.co.za,bad
https://www.trustpoultryfarm.co.za,bad
https://jewlifyy.com,bad
https://www.purelyteacupyorkies.com,bad
https://sphynx-kittens-for-sale-pet-adoption-service.business.site,bad
https://www.nnakapcourier.com,bad
https://www.marethapuppies.com,bad
https://www.expressdocumentscenter.com,bad
https://www.decentpolymernotes.net,bad
https://www.finbondmutualbankinvestment.com,bad
https://www.usamailexpress.com,bad
https://www.diamondtrustonline.com,bad
https://www.brascocompanylimited.com,bad
https://realfakecounterfeitbills.com/,bad
https://www.mercurypartnership.com,bad
https://www.ssdsolutionlaboratory.com,bad
https://www.pinballworld-au.com/,bad
https://www.pinballmachinesaussies-au.com,bad
https://www.snugcontainersptyltd.com,bad
https://www.cavoodlepuppys.com,bad
https://www.baolongcavoodles.com,bad
https://www.weekendausiepuppies.com,bad
https://www.myrasbeaglepuppies.com,bad
https://westlandchihuahuapuppies.com/,bad
https://westlanddachshundpuppies.com/,bad
https://www.uniqueteacupyorkiebreeder.com,bad
https://www.darrinkittenscattery.com,bad
https://www.buyundetectablebills.com,bad
https://gundeals.shop,bad
https://www.usablebanknotes.com,bad
https://www.rbdccompany.com,bad
https://www.tapp-harma.com,bad
https://www.mez-transport-ltd.co.uk,bad
https://www.counterfeitsbills.org,bad
https://www.rockwellhome.co.za,bad
https://www.russianbluetopbreeders.com,bad
https://www.fluffylandhuskies.com,bad
https://www.blazer-capital.com,bad
https://www.glfinb.com,bad
https://www.copypaperpros.com,bad
https://www.ray-fakemoney.com,bad
https://www.all-globalpapers.com,bad
https://topbrandcopypaper.com/,bad
https://www.powerhousepitbullpuppies.com,bad
http://www.siddexrsa.com,bad
purityplast.com,bad
portal.corpvoip.ca,bad
www.amazoun.com,bad
rona.ca,bad
https://www.motordeals4u.com,bad
https://pomeranianlovelyhome.shop/,bad
http://www.gulfpacific-group.com,bad
https://www.premiumnoteshouse.com,bad
https://blessingscatcattery.wixsite.com,bad
https://palm-olien.com/,bad
https://www.transafricaequipments.co.za/,bad
https://www.avestaltd.com,bad
https://www.erdapellet.com,bad
https://www.skylimitshippingcontainers.com,bad
http://www.sahaviriyapapers.com,bad
https://www.purebredmainecoons.com,bad
https://www.greenvalleybritishshorthair.com,bad
https://www.sarochtapaperltd.com,bad
https://www.putriangelia.com,bad
https://www.buya4paper.com,bad
https://www.svgtradings.com,bad
https://www.tsimport-export.com,bad
https://greenworldpapercoltd.com/,bad
youtube.com,good
amazon.com,good
chase.com,good
https://archive.org/,good
https://www.box.com/,good
classroom.google.com,good
drive.google.com,good
netflix.com,good
hulu.com,good
https://www.noaa.gov/,good
https://www.ted.com/,good
https://www.nationalgeographic.com/,good
https://www.nytimes.com/,good
https://www.khanacademy.org/,good
https://stackoverflow.com/,good
etsy.com,good
https://www.coursera.org/,good
https://www.who.int/,good
https://www.livescience.com/,good
https://www.businessinsider.com/,good
zillow.com,good
dropbox.com,good
nasa.gov,good
airbnb.com,good
https://www.un.org/en/,good
shopify.com,good
https://www.worldbank.org/en/home,good
tripadvisor.com,good
unicef.org,good
apa.org,good
https://www.paypal.com,good
https://www.pinterest.com/,good
https://zoom.us/,good
https://slack.com/,good
https://www.adobe.com/creativecloud.html,good
https://www.lastpass.com/,good
https://www.evernote.com/,good
https://discord.com/,good
https://trello.com/,good
microsoft.com,good
apple.com,good
instagram.com,good
reddit.com,good
salesforce.com,good
office.com,good
surveymonkey.com,good
hubspot.com,good
udemy.com,good
quora.com,good
wordpress.com,good
godaddy.com,good
redfin.com,good
expedia.com,good
mailchimp.com,good
intercom.com,good
zendesk.com,good
1password.com,good
lastpass.com,good
hootsuite.com,good
buffer.com,good
moz.com,good
moz.com/local,good
freshbooks.com,good
quickbooks.intuit.com,good
mint.com,good
duolingo.com,good
spotify.com,good
pandora.com,good
soundcloud.com,good
gitlab.com,good
figma.com,good
invisionapp.com,good
framer.com,good
canva.com,good
workspace.google.com,good
teams.microsoft.com,good
paper.dropbox.com,good
mailgun.com,good
twilio.com,good
webex.com,good
skypeforbusiness.com,good
meet.google.com,good
trello.com,good
onedrive.live.com,good
dynamics.microsoft.com,good
gsuite.google.com,good
constantcontact.com,good
gotomeeting.com,good
ads.microsoft.com,good
ads.google.com,good
aws.amazon.com,good
azure.microsoft.com,good
docusign.com,good
cloud.google.com,good
bluejeans.com,good
magneto.com,good
bigcommerce.com,good
xero.com,good
squarespace.com,good
coinbase.com,good
kraken.com,good
bitstamp.net,good
poloniex.com,good
bitfinex.com,good
gemini.com,good
bitpay.com,good
purevpn.com,good
surfshark.com,good
hma.com,good
avast.com,good
norton.com,good
kaspersky.com,good
avg.com,good
malwarebytes.com,good
trendmicro.com,good
zscaler.com,good
carbonite.com,good
idrive.com,good
spideroak.com,good
wikipedia.org,good
bbc.co.uk/news,good
nationalgeographic.com,good
cnn.com,good
npr.org,good
si.edu,good
howstuffworks.com,good
imdb.com,good
webmd.com,good
forbes.com,good
foodnetwork.com,good
scientificamerican.com,good
cnet.com,good
techcrunch.com,good
economist.com,good
khanacademy.org,good
wolframalpha.com,good
adobe.com,good
github.com,good
stackoverflow.com,good
hbr.org,good
technologyreview.com,good
jstor.org,good
theatlantic.com,good
livescience.com,good
theverge.com,good
medium.com,good
investopedia.com,good
businessinsider.com,good
nps.gov,good
history.com,good
un.org,good
discovery.com,good
mayoclinic.org,good
instructables.com,good
worldwildlife.org,good
census.gov,good
glassdoor.com,good
ox.ac.uk,good
arts.gov,good
cancer.org,good
travel.nationalgeographic.com,good
education.nationalgeographic.com,good
worldbank.org,good
ed.ted.com,good
loc.gov,good
gettyimages.com,good
khankids.com,good
moma.org,good
guggenheim.org,good
https://tosdr.org/,good
futureme.org,good
pexels.com,good
12ft.io,good
thispersondoesnotexist.com,good
camelcamelcamel.com,good
printfriendly.com,good
photopea.com,good
remove.bg,good
gethuman.com,good
10minutemail.com,good
coolors.co,good
lumen5.com,good
https://thewaltdisneycompany.com/,good
https://us.etrade.com/what-we-offer/our-accounts/brokerage-account?sr_id=BR&mp_id=140187179164&ch_id=p&gad_source=1&gclid=Cj0KCQiAgK2qBhCHARIsAGACuzl6FazNiSeyLR1lVtoyU5Z4dgL0OTrccgLuh1IFWHLzAKMl48C7BRsaAhzFEALw_wcB&gclsrc=aw.ds,good
https://www.schwab.com/client-home,good
https://www.paypal.com/,good
https://www.fidelity.com/go/join-fidelity-investments?imm_pid=700000001008875&immid=100920_SEA&imm_eid=ep71500662292&utm_source=GOOGLE&utm_medium=paid_search&utm_account_id=700000001008875&utm_campaign=BRD&utm_content=58700007877883888&utm_term=fidelity&utm_campaign_id=100920&utm_id=71700000096184639&gad_source=1&gclid=Cj0KCQiAgK2qBhCHARIsAGACuznsgTa48amoHnjSrt9swWan22H7E6EsSgCT_pvznDqtLQIuT7vfRtoaAtPLEALw_wcB&gclsrc=aw.ds,good
https://www.kayak.com/stays?lang=en&skipapp=true&gclid=Cj0KCQiAgK2qBhCHARIsAGACuznWnW5m431PLuRxiHn6x_kKWD_UUcyPOhB13jASmKELFN8-mMkvpwcaAu9pEALw_wcB&g_kw=kayak&aid=103175289976,good
booking.com,good
https://cnj.craigslist.org/,good
https://www.bonanza.com/,good
https://www.rubylane.com/?gad_source=1&gclid=Cj0KCQiAgK2qBhCHARIsAGACuzkK_nudYHt_-a55QkVs6-NyVgtF3JHS970hbM3Tl5MTnH3Gvxo5pS0aAtkNEALw_wcB,good
https://www.sothebysrealty.com/eng?gad_source=1&gclid=Cj0KCQiAgK2qBhCHARIsAGACuzlvdfofOAKIFZvP8_c6bGEN5UwPpNVKUWOzMbHQo4UAus2m2OyFZ7QaAvrTEALw_wcB&gclsrc=aw.ds,good
https://www.robinhood.com/us/en/,good
https://www.personalcapital.com/,good
https://www.betterment.com/,good
https://www.bloomberg.com/,good
https://www.acorns.com/,good
https://www.wealthfront.com/,good
https://www.marketwatch.com/,good
https://www.investopedia.com/,good
https://www.bankrate.com/,good
https://www.fool.com/,good
https://www.cnbc.com/,good
https://www.barchart.com/,good
https://wallethub.com/,good
https://seekingalpha.com/,good
https://www.walmart.com/,good
https://www.bestbuy.com/,good
target.com,good
alibaba.com,good
newegg.com,good
zappos.com,good
rakuten.com,good
asos.com,good
nordstrom.com,good
overstock.com,good
wayfair.com,good
crateandbarrel.com,good
macys.com,good
hm.com,good
jcpenny.com,good
protonmail.com,good
icloud.com,good
aol.com,good
gmx.com,good
mail.com,good
tutanota.com,good
yandex.com,good
fastmail.com,good
hushmail.com,good
mailfence.com,good
mail.lycos.com,good