www.sunsolarsuppliers.co.za, bad
www.sunsolarafrica.co.za, bad
www.alphalivestockfarm.co.za, bad
www.awaysreadypethome.co.za, bad
www.pteandieltscertificate.com, bad
www.energypowerhouse.co.za, bad
www.hybridenergyhome.co.za, bad
www.chickenpoultryfarm.co.za, bad
www.eggsforsale.co.za, bad
www.impactpapersupplies.co.za, bad
www.fenixpapers.co.za, bad
www.mmbdynamics.co.za, bad
www.harmonypuppieshome.com, bad
www.afriflowtechsolutions.com, bad
www.legitrcvendorsusa.com, bad
www.clonecards.shop, bad
www.clonecardstender.com, bad
www.gangabudsaustralia.com, bad
www.australia420weed.com, bad
wikipedia.org, good
reddit.com, good
instagram.com, good
tiktok.com, good
pinterest.com, good
linkedin.com, good
quora.com, good
twitter.com, good
apple.com, good
wordpress.com, good
fandom.com, good
etsy.com, good
yahoo.com, good
ebay.com, good
medium.com, good
yelp.com, good
imdb.com, good
nih.gov, good
www.cyber.nj.gov/, good
walmart.com, good
tripadvisor.com, good
shutterstock.com, good
nytimes.com, good
britannica.com, good
forbes.com, good
researchgate.net, good
microsoft.com, good
mapquest.com, good
aliexpress.com, good
cambridge.org, good
theguardian.com, good
sciencedirect.com, good
businessinsider.com, good
amazon.com, good
wikihow.com, good
alamy.com, good
bbc.com, good
stackexchange.com, good
scribd.com, good
wiktionary.org, good
usatoday.com, good
collinsdictionary.com, good
dailymotion.com, good
foursquare.com, good
healthline.com, good
spotify.com, good
yellowpages.com, good
booking.com, good
flickr.com, good
reverso.net, good
merriam-webster.com, good
cnn.com, good
indiatimes.com, good
wikiwand.com, good
study.com, good
soundcloud.com, good
webmd.com, good
trip.com, good
istockphoto.com, good
adobe.com, good
amazon.co.uk, good
target.com, good
mayoclinic.com, good
github.com, good
dictionary.com, good
screenrant.com, good
medicalnewstoday.com, good
bab.la, good
cbsnews.com, good
goodreads.com, good
cleavelandclinic.org, good
yahoo.co.jp, good
bbc.co.uk, good
wordreference.com, good
usnews.com, good
jstor.org, good
ign.com, good
dailymail.co.uk, good
cnet.com, good
deviantart.com, good
tumblr.com, good
sportskeeds.com, good
waze.com, good
springer.com, good
amazon.de, good
stackoverflow.com, good
redbubble.com, good
hotels.com, good
independent.co.uk, good
genius.com, good
rottontomatoes.com, good
homedepot.com, good
ebay.co.uk, good
slideshare.net, good
slidesgo.com, good
freepik.com, good
zoom.com, good
washingtonpost.com, good
harvard.edu, good
hindustantimes.com, good
thefreedictionary.com, good
weebly.com, good
restaurantguru.com, good
cdc.gov, good
gamespot.com, good
gettyimages.com, good
reuters.com, good
verywellhealth.com, good
flipkart.com, good
people.com, good
wikimedia.org, good
alibaba.com, good
cosmopolitan.com, good
glassdoor.com, good
wiley.com, good
indeed.com, good
netflix.com, good
business.site, good
medlineplus.gov, good
issuu.com, good
agoda.com, good
yourdictionary.com, good
nature.com, good
npr.org, good
time.com, good
quizlet.com, good
expedia.com, good
cnbc.com, good
oup.com, good
justdial.com, good
bbb.org, good
academia.edu, good
nbcnews.com, good
gamerant.com, good
tvtropes.org, good
nextdoor.com, good
geeksforgeeks.org, good
indiamart.com, good
latimes.com, good
bloomberg.com, good
thesaurus.com, good
wattpad.com, good
economictimes.com, good
today.com, good
espn.com, good
bestbuy.com, good
justanswer.com, good
amazon.ca, good
variety.com, good
google.co.uk, good
nypost.com, good
cbr.com, good
zillow.com, good
apnews.com, good
wordhippo.com, good
vimeo.com, good
ubereats.com, good
pbs.org, good
telegraph.co.uk, good
msn.com, good
lowes.com, good
canva.com, good
globo.com, good
google.co.uk, good
wsj.com, good
themoviedb.com, good
bandcamp.com, good
discord.com, good
www.gov.uk, good
collider.com, good
kayak.com, good
steampowered.com, good
buzzfeed.com, good
khanacademy.org, good
realtor.com, good
chegg.com, good
trustpilot.com, good
hopkinsmedicine.org, good
urbandictionary.com, good
indianexpress.com, good
biomedcentral.com, good
barnesandnobles.com, good
metacritic.com, good
parade.com, good
archive.org, good
crunchbase.com, good
allrecipes.com, good
cornell.edu, good
glosbe.com, good
aminoapps.com, good
craigslist.org, good
groupon.com, good
birdeye.com, good
ikea.com, good
wikidata.org, good
thegamer.com, good
ny.gov, good
mit.edu, good
statista.com, good
elle.com, good
frontiersin.org, good
salary.com, good
libretexts.org, good
rollingstone.com, good
theverge.com, good
samsung.com, good
popsugar.com, good
ndtv.com, good
usda.gov, good
kidshealth.org, good
indiatoday.in, good
123rf.com, good
everydayhealth.com, good
mapcarta.com, good
brainly.in, good
answers.com, good
techradar.com, good
wired.com, good
dnb.com, good
tenor.com, good
accuweather.com, good
weather.org, good
airbnb.com, good
medscape.com, good
menshealth.com, good
prom.ua, good
thehindu.com, good
detik.com, good
texas.gov, good
huffpost.com, good
ft.com, good
hiative.com, good
unsplash.com, good
makemytrip.com, good
news18.com, good
everand.com, good
standford.edu, good
prezi.com, good
billboard.com, good
uptodown.com, good
coursehero.com, good
timesofindia.com, good
redfin.com, good
dzen.ru, good
encyclopedia.com, good
mdpi.com, good
umich.edu, good
patch.com, good
letras.com, good
theconversation.com, good
tokopedia.com, good
costco.com, good
yupu.com, good
southernliving.com, good
healthdirect.gov.au, good
vulture.com, good
esquire.com, good
foodnetwork.com, good
prnewswire.com, good
mantra.com, good
houzz.com, good
standard.co.uk, good
brainly.com, good
un.org, good
sematicscholar.org, good
livemint.com, good
goal.com, good
hubspot.com, good
doordash.com, good
wa.gov, good
google.co.id, good
shazam.com, good
movieweb.com, good
countryliving.com, good
polygon.com, good
loc.gov, good
pngtree.com, good
namu.wiki, good
mountsinai.org, good
instructables.com, good
marriott.com, good
goodrx.com, good
nasa.gov, good
newsweek.com, good
tomsguide.com, good
thespruce.com, good
abplive.com, good
chron.com, good
techtarget.com, good
health.com, good
nsw.gov.au, good
realsimple.com, good
rd.com, good
drugs.com, good
india.com, good
travelweekly.com, good
radiotimes.com, good
behance.net, good
rateyourmusic.com, good
lemonade.fr, good
weather.com, good
a-z-animals.com, good
rozetka.com.ua, good
cookpad.com, good
linguee.com, good
fresherslive.com, good
oed.com, good
wayfair.com, good
psu.edu, good
gamesradar.com, good
ranker.com, good
substack.com, good
amazon.it, good
musixmatch.com, good
grubhub.com, good
metro.co.uk, good
deadline.com, good
macys.com, good
mashable.com, good
boomplay.com, good
digitalspy.com, good
nationalgeographic.com, good
foxnews.com, good
howstuffowrks.com, good
sportingnews.com, good
note.com, good
nerdwallet.com, good
bbcgoodfood.com, good
uptodate.com, good
livejournal.com, good
cbssports.com, good
food.com, good
viator.com, good
azlyrics.com, good
mubi.com, good
lyricstranslate.com, good
letras.mus.br, good
tasteofhome.com, good
jooble.org, good
investing.com, good
vectorstock.com, good
orbitz.com, good
state.gov, good
20minutos.es, good
klook.com, good
ibm.com, good
simplyhired.com, good
healthgrades.com, good
hm.com, good
bleacherreport.com, good
kohls.com, good
sofascore.com, good
eater.com, good
fnac.com, good
abc.es, good
aarp.org, good
foxsports.com, good
menupix.com, good
wanderlog.com, good
pexels.com, good
vrbo.com, good
xbox.com, good
columbia.edu, good
apartments.com, good
timeanddate.com, good
euronews.com, good
asos.com, good
ebay.com.au, good
poshmark.com, good
lawinsider.com, good
cancer.gov, good
theknot.com, good
hamariweb.com, good
mercari.com, good
core.ac.uk, good
filmaffinity.com, good
shopify.com, good
wise.com, good
alltrails.com, good
atptour.com, good
wtatour.com, good
superuser.com, good
oxfordreference.com, good
thespruceeats.com, good
psychologytoday.com, good
loopnet.com, good
fda.gov, good
history.com, good
rochester.edu, good
lyrics.com, good
fodors.com, good
noaa.gov, good
theatletic.com, good
tutorialspoint.com, good
newyorker.com, good
berkeley.edu, good
masterclass.com, good
casetext.com, good
epa.gov, good
twitch.tv, good
ancestry.com, good
mozilla.org, good
vice.com, good
prevention.com, good
delish.com, good
travelandleisure.com, good
spanishdict.com, good
duolingo.com, good
playstation.com, good
timesnownews.com, good
skysports.com, good
wondershare.com, good
vox.com, good
lonelyplanet.com, good
www.pacisystrading.com/, bad
www.holdingeggsfarm.co.za, bad
www.boxshippingsolutions.com.au, bad
www.baymarttactical.co.za, bad
www.trglobaltd.com, bad
www.nalethutrading.co.za, bad
www.mmaswicorporate.co.za, bad
www.indaloenterprises.co.za, bad
www.swiftexpressglobals.com, bad
www.hrmsglobal.org, bad
www.chuangscredit.com, bad
www.documentsprovider.com, bad
www.dinariusbizfinance.co.za, bad
www.explicit-documents.com, bad
www.disnepkennelshome.co.za, bad
www.buyqualitydocuments.com, bad
www.dalq-logistics.com, bad
genuineregistereddocuments.com, bad
www.lukasminiteacups.com, bad
www.africanaculturalartsmuseum.com, bad
www.bengaleopards.com, bad
www.badixmarine.com, bad
www.claritymininggroup.com, bad
www.weilongspzoo.com, bad
www.supremepetmovers-au.com, bad
www.officialdocumentz.com, bad
www.globalnotesonline.com, bad
www.alriggainvestments.com, bad
www.euro-max-transporte.eu, bad
utcprofessionallogistics.com, bad
www.loadandgotruckingllc.com, bad
www.culvertruckingllc.com, bad
www.satoiletpapers.com, bad
www.demondbackfirearms.com, bad
www.fancypassportandcurrencies.com, bad
www.counterfeitbucks.com, bad
www.kashflippers.com, bad
www.properbills.com, bad
www.banksbills.com, bad
www.highgradeprop.com, bad
www.glocodocument.com, bad
www.buycounterfeitmoneys.com, bad
www.getcounternotes.com, bad
www.neutralpuppieshome.co.za, bad
www.counterfeitguru.net, bad
www.fakemoneycash.com, bad
www.moneytransferhacker.com, bad
www.sphynxkittenparadise.com, bad
www.adorablepetsforsale.com, bad
www.adorablekittencattery.com, bad
www.exoticteacuppuppiesforadoption.com, bad
www.exoticroyalpharmacy.com, bad
superdopebrandstore.com/, bad
elitebanknotesandssdsolution.com/, bad
www.americasfirstnationalbank.com, bad
www.alphalogisticsservices.com, bad
alphalogisticsandshippingservice.com/, bad
www.ajtransportlogisticslimited.com, bad
www.european-centralbank.com, bad
www.seo-domain.net, bad
www.lagomscoons.com, bad
www.rbiofficial.in, bad
www.penigard.com, bad
www.bancainvestments.com, bad
www.kingscargologisticsservices.com, bad
www.cardinghub.com, bad
www.nationalsweepstakescompany.net, bad
www.rothbardau.com, bad
www.transcourierlogisticservices.com, bad
www.sqrtransportationpl.com, bad
www.globalcouriershippinglogistics.com, bad
www.clonedcardsa.com, bad
www.tizzycavapoopuppieskennel.com, bad
www.global-logisticdelivery.com, bad
www.expressmailinglogisticsshippingservice.com, bad
www.puh-pilot.net, bad
www.blenheimshippingservice.com, bad
www.reptilesandexoticslogisticsservices.com, bad
www.pharmaperiel.com, bad
www.teslaxinvestments.com, bad
www.petskingdom.co.za, bad
www.genericdocs.com, bad
www.mulexzone.com, bad
www.vaultgunshopus.com, bad
www.cordygunshop.com, bad
www.britishshorthairkittenaustralia.com, bad
www.donsmaincoonkittens.com, bad
btccvs.com, bad
www.apexchemicalslab.com, bad
www.globalparrotfarm.com, bad
www.wolfproud.com, bad
www.vivienmariespitz.com, bad
www.mikiyomijapanesespitz.com, bad
www.classicovespaandbikes.com, bad
www.tralinkafrenchbull.com, bad
www.wholesalesflasks.com, bad
www.cardersbay.com, bad
www.armanipuppieshome.co.za, bad
www.uniquekittens.co.za, bad
www.popularcardingshops.com, bad
www.cardingstore.com, bad
www.glsdiscreetdelivery.com, bad
www.larjacksinternationallawfirm.com, bad
www.maritimeoutboards.com, bad
www.glblogisticsoffice.com, bad
www.thecontinentalshippers.com, bad
www.brazil-sugar.com, bad
dragoncouriers.com/, bad
clonedcardstoreusa.com/, bad
piffbarofficials.com/, bad
piffbarofficial.com/, bad
wholemelt-extracts.com/, bad
premiumsmokecigars.com/, bad
clonedmaster.com/, bad
yamahafourwheeler.com/, bad
havapoopuppieshome.com/, bad
www.fairwaytrustcorporation.com/, bad
clonecardmaster.com/, bad
bowmanplaystationhouse.com/, bad
safecardstrategies.com/, bad
salwasserwelpen.de/, bad
counterfeitpropmoney.com/, bad
gesundeswelpenhaus.de/, bad
tortoisehomebreed.com/, bad
deutscherfuhrerscheins.com/, bad
kosticfranzosischebulldoggen.com/, bad
americanpitbullparadise.com/, bad
logisticcargolinelp.com/, bad
miniteacupuppy.com/, bad
southsmartpuppies.com/, bad
celegencefriesiansnetherlandsbv.com/, bad
japanmarineautocoltd.com/, bad
safestrisk.com/, bad
jimbelushionlinepurchases.com/, bad
markethillltd.com/, bad
vblabschemicals.com/, bad
www.toparmsshop.com, bad
cpdm-nppa.com/, bad
toparmsshop.com/, bad
www.smartnotes-online.com/, bad
pharmauniversel.com/, bad
anabolicsteroidssupps.com/, bad
www.adaco-maschinentechnik.de/, bad
hondaoemparts1.com/, bad
theexoticfruitsmarket.com/, bad
petsexpresslogistics.com/, bad
frenchiepuppiesforsaleinusa.com/, bad
darkworldenterprise.com/, bad
olympiaplazapharmacy.com/, bad
clonecardandfakebill.com/, bad
worldclonecards.com/, bad
authenticcashouts.com/, bad
www.blessedyorkiepuppies.com/, bad
cardiffragdoll.com/, bad
hobbychisbreeder.com/, bad
mateochihome.com/, bad
clonedcardscartel.com/, bad
clonedcreditcard.com/, bad
counterfeitsolutionlab.com/, bad
www.outpaceconsignmentcenter.com/, bad
420budstorenearme.com/, bad
worldwidessdchemicalsolutionandpowder.com/, bad
globaltradingsltd.com/, bad
mushroomspsychedelics.com/, bad
momondoexpress.com/, bad
zwergspitzpomeranian.com/, bad
treasurewayexpress.com/, bad
atlanticargoshipper.com/, bad
dobermanpincherpuppies.com/, bad
laurentinasjewelers.com/, bad
falschungsladen.com/, bad
kirovbv.net/, bad
royalyorkshireterrier.com/, bad
adorableschiotsavendre.com/, bad
am-shippingllc.com/, bad
globallogisticsairlines.com/, bad
classicalcourrier.com/, bad
www.laetiskittens.online/, bad
theadvleisurecruiser.com/, bad
advancedssdsolutionlab.com/, bad
clonedscard.com/, bad
www.clonedcardshouse.com/, bad
kerstenautomotive.com/, bad
clonecardstore.com/, bad
www.wmcamp.com/, bad
www.vylspa.com/, bad
zencontainers.co.za/, bad
fasttrackingagency.com/, bad
www.jdmboonyalukattacheep.com/, bad
www.summerbikesstore.com/, bad
www.minpsychedelics.com/, bad
www.counterfeitzone.com/, bad
www.bikesonline24.com/, bad
www.globcoff.com/, bad
ebikeandchristmasdecor.com/, bad
kacilliagreatdanespuppies.com/, bad
www.onlineherbalincense.com/, bad
www.mushroomdoseland.com/, bad
www.vgk047.com/, bad
www.buycounterfietnote.com/, bad
www.jhs345.com/, bad
www.ift170.com/, bad
www.iuh861.com/, bad
www.fmacdi.com/, bad
www.moespupfamily.online/, bad
bluewavecontainers.com/, bad
buyclonedcardsnnotes.com/, bad
www.hamdinfazzafansclub.com/, bad
www.mcqueenus.com/, bad
www.britaxus.com/, bad
www.ems-inspection-solutions.co.uk/, bad
www.stapless.us/, bad
www.spanxsale.us/, bad
www.shoesforcrew.us/, bad
www.singeruss.com/, bad
www.normakamalis.us/, bad
www.lablancasale.us/, bad
www.jansportsale.us/, bad
www.guesssale.us/, bad
www.frankandoaks.us/, bad
www.clubllondons.us/, bad
americanakitapupy.store/, bad
sunshinepuppieshome.co.za/, bad
www.ssdendurelab.co.za/, bad
www.cheprolabs.co.za/, bad
www.koinembassy.com/, bad
www.hilxfunds.com/, bad
www.hawkeye-detectives.com/, bad
www.gemstonerivers.com/, bad
www.drockfansclub.com/, bad
www.selenafansclub.com/, bad
www.paulmcfansclub.com/, bad
www.btsbighitfansclub.com/, bad
www.tcruisefansclub.com/, bad
www.elitecargoxpress.com/home.php, bad
www.desharonsjewelry.com/, bad
www.coinsideratefx.com/, bad
www.dignityionline.com/p/home.html, bad
www.warrenbfansclub.com/, bad
aussiechemsupply.com/, bad
sunshinedoddles.com/, bad
www.springfield-gold.com/, bad
alluringmunchkincatscattery.com/, bad
www.agriculturaladvancementsllc.com/, bad
fresheggsforsale.co.za/, bad
www.impactofficesupplies.co.za/, bad
legitrcvendorsusa.com/, bad
gangabudsaustralia.com/, bad
australia420weed.com/, bad
www.zaklad-cocaine.com/, bad
safaripawsemporium.com/, bad
escrow-mgmt.com/, bad
garfieldragdollcattery.com/, bad
www.servicios-cargobull.com/, bad
sparklogistic.com/, bad
www.avirlunion.com/, bad
www.avestunion.com/, bad
mkrishnaenterprises.com/, bad
www.myclaimservice.net/, bad
bestsglidersandhedgehogsstore.com/, bad
b2kmjunit.com/, bad
bestb2kresearch.com/, bad
kls2kresearch.com/, bad
www.lewisfarmsa.com/, bad
www.vystarcreditunionbk.com/, bad
www.precisionlogistics.delivery/, bad
www.wesstrbk.com/, bad
hugohaustierenachhause.de/, bad
www.5daysukdriverslicense.com/, bad
hugopetshome.com/, bad
fryd-carts.com/, bad
www.cakecartsofficial.org/, bad
www.felineuniversemc.com/, bad
www.prometriccert.com/, bad
www.nursinglicenseprogram.com/, bad
ptesimplifier.com/, bad
www.ieltsandpteofficialbureau.com/, bad
awjacksongunshop.com/, bad
maxsonpharmacy.com/, bad
shorthairkittensforsale.com/, bad
buyricksimpsonoils.com/, bad
disposablevapecarts.com/, bad
www.combatamp.com/, bad
thechemicalsworld.com/, bad
pharmacocaine.com/, bad
, 
, 
, 
, 
, 
, 
, 
, 
, 
, 
, 
, 
, 
, 
, 
, 
, 
, 
, 
, 
, 
, 
, 
, 
, 
, 
, 
, 
, 
, 
, 
, 
, 
, 
, 
, 
, 
, 