sprak.fi/,bad
csagodaonline.masukmobilee.de/,bad
cargolinks-international.com,bad
sdsstructural.com.au,bad
tafe.com,bad
coolbrand.shop,bad
repositrak.com,bad
mirrorboxbeauty.com,bad
petheavenss.com,bad
trendyygift.com,bad
merliin.com,bad
www.iceymed.com,bad
www.bishopdaycare.com/,bad
www.vee-pharm.com,bad
www.daycarepharma.com,bad
www.skylightdaycare.com,bad
www.apexkittens.com,bad
www.transworldslogistic.com,bad
www.dmtclubhouse.com,bad
www.globalcounterfeits.com,bad
www.alpharcforsale.com,bad
www.medicatedmedsandvapes.com,bad
www.daycarexpress.com,bad
www.psychedelicsmonster.com,bad
www.analystcase.com,bad
www.rootchemicals.com,bad
www.coinstarchemical.com,bad
www.puremedchemical.online,bad
www.alpharesearchlab.net,bad
www.xpressanimaltaxi.com,bad
jackrussellterrierkennel.com,bad
www.trinitycargoagency.com,bad
www.acidicmathz.com,bad
www.dachshundshomeaustralia.com,bad
www.mandspsychedelicss.com,bad
www.pureusresearchchemicals.com,bad
www.milestone-suppliers.com,bad
larajussamoyeds.com,bad
www.containershomeplan.com,bad
www.longbeachoffshoreshippingport.com,bad
brideteacupyorkies.com,bad
www.authenticptecertificates.com,bad
metalcrushingchemicalsltd.com,bad
www.buyweedonlineaustralia.net,bad
www.qualitypsychedelics.blog,bad
www.crushingmetalsolutions.com,bad
www.familyteacupyorkies.com,bad
www.affectionatepetshome.co.za,bad
www.multitacticgears.co.za,bad